id;cnpj;placa;telefone;data;valor
F001;12.ABC.345/01DE-35;BRA2E19;+55 (11) 91234-5678;15/10/2026;R$ 1.250,00
F002;11222333000181;ABC-1234;(21) 3456-7890;03/11/2026;R$ 870,50
F003;A1.B2C.3D4/E5F6-07;RIO2A18;85 3222-1100;30/09/2026;R$ 12.345,90
F004;12.abc.345/01de-35;QWE0Z00;(47)98888-0000;01/12/2026;R$1500,00
F005;11.222.333/0001-81;ABC-1D23;11912345678;31/04/2026;R$ 980,00
F006;AB.CDE.FGH/IJKL-12;MNO-5678;(23) 91234-5678;20/10/2026;R$ 2.400,00
F007;12ABC34501DE35;ABC1234;+5561987654321;29/02/2027;R$ 01,50
F008;12ABC345/01DE-35;XYZ9K88;(11 91234-5678;10/10/2026;R$ 3.100,00
F009;99.XYZ.001/0001-50;PQR-4321;+55 31 2345-6789;15-10-2026;R$ 640,00
F010;ZZ.ZZZ.ZZZ/ZZZZ-00;abc1d23;11 81234-5678;05/01/2027;R$ 1.23,45
F011;07.526.557/0001-00;DEF4G56;(61) 3333-4444;22/10/2026;
F012;33.000.167/0001-01;GHI-7890;+55 (51) 99876-5432;18/11/2026;R$ 5.000,00
F013;33.000.167/0001-01 ;JKL1M23;(71) 98765-4321;00/10/2026;R$ 720,00
F014;45.997.418/0001-53;STU5V67;(91) 4002-8922;12/12/2026;R$ 10,5
F015;60.701.190/0001-04;VWX-2468;(27) 99999-0000;31/12/2026;R$ 0,00
